{"text": " Testing, testing, one, two, three.", "segments": [{"id": 0, "seek": 0, "start": 0.0, "end": 2.8000000000000003, "text": " Testing, testing, one, two, three.", "tokens": [50364, 45517, 11, 4997, 11, 472, 11, 732, 11, 1045, 13, 50504], "temperature": 0.0, "avg_logprob": -0.6574547107403095, "compression_ratio": 1.0303030303030303, "no_speech_prob": 0.1248725950717926}], "language": "en"}