{"text": " I just set up sync thing to sync between my desktop and my phone and it works pretty well. It seems to work faster than how LogSek works for syncing.", "segments": [{"id": 0, "seek": 0, "start": 0.0, "end": 6.88, "text": " I just set up sync thing to sync between my desktop and my phone and it works", "tokens": [286, 445, 992, 493, 20271, 551, 281, 20271, 1296, 452, 14502, 293, 452, 2593, 293, 309, 1985], "temperature": 0.0, "avg_logprob": -0.33183071613311765, "compression_ratio": 1.3185840707964602, "no_speech_prob": 0.06160453334450722}, {"id": 1, "seek": 688, "start": 6.88, "end": 36.72, "text": " pretty well. It seems to work faster than how LogSek works for syncing.", "tokens": [50364, 1238, 731, 13, 467, 2544, 281, 589, 4663, 813, 577, 10824, 50, 916, 1985, 337, 5451, 2175, 13, 51856], "temperature": 0.0, "avg_logprob": -0.39259510948544457, "compression_ratio": 0.9726027397260274, "no_speech_prob": 0.008547523058950901}], "language": "en"}